Dataset,Month,Method,Shape Parameter (k),Scale Parameter (gamma),Num Data Points,AIC,BIC,KS Statistic,KS p-value,Mean,CI_95_Low,CI_95_High,Pct_10_15,Pct_GT_25
dublin_airport,January,mle,1.9711,13.59327,59615,383441.06628,383459.05760,0.03294,0.00000,12.05025,2.10532,26.35918,0.28231,0.03603
dublin_airport,January,mm,2.0157,13.88368,59615,383554.35484,383572.34617,0.05053,0.00000,12.30242,2.24099,26.53031,0.28606,0.03791
dublin_airport,January,ls,2.0351,14.05302,59615,383711.01983,383729.01116,0.06001,0.00000,12.45068,2.30809,26.68871,0.28711,0.03958
dublin_airport,February,mle,2.0141,13.38635,53646,341627.52324,341645.30357,0.03342,0.00000,11.86190,2.15749,25.59356,0.28930,0.02964
dublin_airport,February,mm,1.9898,13.24690,53646,341653.87460,341671.65493,0.04223,0.00000,11.74089,2.08800,25.52797,0.28680,0.02905
dublin_airport,February,ls,2.1056,13.81527,53646,341920.59428,341938.37460,0.06216,0.00000,12.23589,2.41053,25.67967,0.29821,0.03061
dublin_airport,March,mle,2.0101,12.84026,58779,369588.81113,369606.77421,0.04008,0.00000,11.37837,2.06205,24.58082,0.29116,0.02201
dublin_airport,March,mm,2.0336,13.00178,58779,369626.29496,369644.25804,0.04957,0.00000,11.51942,2.13259,24.70392,0.29382,0.02284
dublin_airport,March,ls,2.0770,13.22320,58779,369819.58029,369837.54337,0.06373,0.00000,11.71272,2.25241,24.78988,0.29865,0.02342
dublin_airport,April,mle,1.9560,11.50456,56565,345462.68036,345480.56665,0.03957,0.00000,10.20043,1.75649,22.42260,0.28124,0.01042
dublin_airport,April,mm,1.9566,11.51799,56565,345462.95377,345480.84006,0.04031,0.00000,10.21228,1.75942,22.44482,0.28141,0.01051
dublin_airport,April,ls,2.0522,11.93558,56565,345843.72215,345861.60844,0.07181,0.00000,10.57352,1.99000,22.54673,0.29659,0.01046
dublin_airport,May,mle,1.9649,10.66690,58194,346274.34357,346292.28664,0.04469,0.00000,9.45672,1.64244,20.72761,0.27271,0.00484
dublin_airport,May,mm,1.9581,10.63463,58194,346276.65649,346294.59957,0.04718,0.00000,9.42888,1.62690,20.71250,0.27138,0.00483
dublin_airport,May,ls,2.0863,11.08833,58194,346793.28797,346811.23105,0.07977,0.00000,9.82134,1.90376,20.72929,0.29375,0.00428
dublin_airport,June,mle,2.0094,10.02970,55925,324331.82784,324349.69137,0.05150,0.00000,8.88786,1.60964,19.20490,0.26416,0.00190
dublin_airport,June,mm,2.0329,10.11583,55925,324352.89507,324370.75860,0.04743,0.00000,8.96255,1.65812,19.22505,0.26868,0.00185
dublin_airport,June,ls,2.1550,10.55588,55925,325130.16619,325148.02973,0.08666,0.00000,9.34835,1.91704,19.34425,0.29211,0.00164
dublin_airport,July,mle,2.0782,9.95011,58018,332827.41429,332845.35130,0.05001,0.00000,8.81347,1.69655,18.64720,0.26837,0.00113
dublin_airport,July,mm,2.1495,10.24189,58018,333065.55964,333083.49665,0.06704,0.00000,9.07031,1.85196,18.79782,0.28356,0.00110
dublin_airport,July,ls,2.2101,10.49133,58018,333646.29015,333664.22717,0.08897,0.00000,9.29153,1.98802,18.93807,0.29640,0.00110
dublin_airport,August,mle,1.9826,9.88260,57806,334232.23559,334250.16529,0.05052,0.00000,8.75971,1.54728,19.09018,0.25770,0.00184
dublin_airport,August,mm,1.8983,9.49692,57806,334608.22797,334626.15767,0.08178,0.00000,8.42746,1.36939,18.88932,0.23947,0.00187
dublin_airport,August,ls,2.1370,10.28539,57806,334938.33354,334956.26324,0.08656,0.00000,9.10895,1.84122,18.94516,0.28350,0.00127
dublin_airport,September,mle,1.9419,10.74727,56406,337154.56321,337172.44388,0.04363,0.00000,9.53072,1.61849,21.04902,0.27121,0.00579
dublin_airport,September,mm,1.8661,10.37902,56406,337437.13169,337455.01235,0.06581,0.00000,9.21570,1.44743,20.89004,0.25645,0.00576
dublin_airport,September,ls,2.0665,11.09161,56406,337603.58462,337621.46528,0.07590,0.00000,9.82511,1.87246,20.86002,0.29134,0.00469
dublin_airport,October,mle,1.9775,11.46033,58521,355971.11730,355989.07158,0.03878,0.00000,10.15872,1.78575,22.17539,0.28375,0.00932
dublin_airport,October,mm,1.9367,11.25114,58521,356055.97994,356073.93422,0.05367,0.00000,9.97825,1.68581,22.07554,0.27660,0.00915
dublin_airport,October,ls,2.0942,11.85822,58521,356416.96830,356434.92258,0.07109,0.00000,10.50295,2.04939,22.11682,0.30189,0.00850
dublin_airport,November,mle,2.0196,12.29504,56873,352136.88843,352154.78559,0.04185,0.00000,10.89439,1.99152,23.46542,0.29303,0.01511
dublin_airport,November,mm,1.9325,11.81013,56873,352525.50016,352543.39732,0.07361,0.00000,10.47462,1.76230,23.20620,0.27983,0.01413
dublin_airport,November,ls,2.1620,12.61288,56873,352623.72571,352641.62286,0.07026,0.00000,11.17001,2.30332,23.06847,0.31237,0.01241
dublin_airport,December,mle,2.0203,13.29602,58934,374206.12507,374224.09342,0.03866,0.00000,11.78127,2.15510,25.36977,0.29065,0.02785
dublin_airport,December,mm,1.9797,13.05500,58934,374291.95366,374309.92200,0.04859,0.00000,11.57200,2.03844,25.24253,0.28628,0.02681
dublin_airport,December,ls,2.1221,13.67140,58934,374526.89196,374544.86031,0.06633,0.00000,12.10797,2.41808,25.28987,0.30155,0.02733
cork_roches_point,January,mle,1.8891,15.99414,43311,295169.91972,295187.27204,0.03420,0.00000,14.19530,2.28452,31.91931,0.25008,0.09777
cork_roches_point,January,mm,1.8762,15.89335,43311,295176.76243,295194.11475,0.03759,0.00000,14.10919,2.23999,31.86898,0.24980,0.09639
cork_roches_point,January,ls,1.9033,15.90493,43311,295182.29564,295199.64797,0.03343,0.00000,14.11268,2.30504,31.57789,0.25255,0.09396
cork_roches_point,February,mle,1.9782,15.96966,38833,261937.21102,261954.34507,0.03740,0.00000,14.15578,2.49016,30.89306,0.25957,0.08831
cork_roches_point,February,mm,1.8895,15.29199,38833,262230.14959,262247.28364,0.06978,0.00000,13.57201,2.18522,30.51311,0.25751,0.07955
cork_roches_point,February,ls,2.0373,15.76975,38833,262052.80973,262069.94378,0.03550,0.00000,13.97146,2.59507,29.92845,0.26813,0.07755
cork_roches_point,March,mle,2.0316,15.13155,42604,281216.39430,281233.71371,0.03510,0.00000,13.40657,2.47746,28.76896,0.27541,0.06245
cork_roches_point,March,mm,1.9991,14.90690,42604,281257.63968,281274.95908,0.04401,0.00000,13.21101,2.36991,28.63952,0.27421,0.06013
cork_roches_point,March,ls,2.0560,14.94591,42604,281266.58546,281283.90487,0.03547,0.00000,13.24004,2.50016,28.20026,0.28037,0.05615
cork_roches_point,April,mle,1.9494,13.55754,41491,267007.62870,267024.89516,0.04257,0.00000,12.02170,2.05666,26.48437,0.27965,0.03701
cork_roches_point,April,mm,1.7735,12.39905,41491,268251.18385,268268.45031,0.11037,0.00000,11.03463,1.56009,25.88424,0.25897,0.03117
cork_roches_point,April,ls,1.9954,13.53178,41491,267054.43019,267071.69666,0.03740,0.00000,11.99274,2.14396,26.02910,0.28593,0.03325
cork_roches_point,May,mle,2.0019,12.99938,42969,271527.96109,271545.29755,0.04459,0.00000,11.52021,2.07193,24.95210,0.28951,0.02465
cork_roches_point,May,mm,1.9131,12.43412,42969,271868.38158,271885.71805,0.07912,0.00000,11.03123,1.81996,24.60022,0.27840,0.02227
cork_roches_point,May,ls,2.0855,12.97619,42969,271671.08529,271688.42176,0.03579,0.00000,11.49353,2.22623,24.26501,0.30095,0.01973
cork_roches_point,June,mle,2.0297,12.25982,41417,256290.66859,256307.93149,0.04695,0.00000,10.86235,2.00392,23.32294,0.29437,0.01430
cork_roches_point,June,mm,2.0589,12.37666,41417,256312.08814,256329.35103,0.03927,0.00000,10.96386,2.07566,23.33141,0.29846,0.01423
cork_roches_point,June,ls,2.0509,12.38143,41417,256308.36991,256325.63280,0.03922,0.00000,10.96859,2.06197,23.39853,0.29736,0.01462
cork_roches_point,July,mle,2.0213,11.93091,42590,261650.73012,261668.04887,0.05036,0.00000,10.57159,1.93557,22.75778,0.29239,0.01156
cork_roches_point,July,mm,2.1161,12.37916,42590,261939.86179,261957.18054,0.05979,0.00000,10.96366,2.17880,22.93939,0.30627,0.01197
cork_roches_point,July,ls,2.0880,12.19060,42590,261765.21499,261782.53374,0.04688,0.00000,10.79759,2.09596,22.77856,0.30222,0.01133
cork_roches_point,August,mle,1.9778,12.22721,42591,264815.26252,264832.58131,0.04917,0.00000,10.83846,1.90583,23.65672,0.28721,0.01633
cork_roches_point,August,mm,1.9342,11.93066,42591,264913.40642,264930.72522,0.06802,0.00000,10.58126,1.78332,23.42884,0.28053,0.01526
cork_roches_point,August,ls,2.0769,12.39759,42591,264989.56010,265006.87890,0.04374,0.00000,10.98143,2.11151,23.24314,0.30092,0.01368
cork_roches_point,September,mle,1.9350,12.93582,41321,262465.01783,262482.27608,0.04416,0.00000,11.47260,1.93511,25.39554,0.28059,0.02792
cork_roches_point,September,mm,1.7637,11.85328,41321,263641.92442,263659.18267,0.11149,0.00000,10.55208,1.47440,24.84598,0.25682,0.02401
cork_roches_point,September,ls,2.0076,12.72600,41321,262663.59748,262680.85573,0.04362,0.00000,11.27737,2.03900,24.38203,0.29110,0.02067
cork_roches_point,October,mle,1.9603,14.38588,43254,283026.51040,283043.86009,0.03859,0.00000,12.75448,2.20538,27.99778,0.27472,0.05211
cork_roches_point,October,mm,1.7785,13.15167,43254,284359.66760,284377.01729,0.10609,0.00000,11.70267,1.66453,27.39821,0.25835,0.04353
cork_roches_point,October,ls,1.9684,14.12893,43254,283088.53752,283105.88721,0.04439,0.00000,12.52549,2.18270,27.42279,0.27797,0.04620
cork_roches_point,November,mle,1.9127,14.95587,41936,279189.77626,279207.06406,0.04388,0.00000,13.26854,2.18828,29.59314,0.26355,0.06914
cork_roches_point,November,mm,1.8018,14.17111,41936,279663.91287,279681.20067,0.07875,0.00000,12.60157,1.84205,29.24364,0.25623,0.06197
cork_roches_point,November,ls,1.9295,14.75155,41936,279234.09373,279251.38153,0.04297,0.00000,13.08398,2.19468,29.01657,0.26753,0.06284
cork_roches_point,December,mle,1.9729,16.17901,44107,298851.57867,298868.96741,0.03955,0.00000,14.34219,2.51010,31.35419,0.25646,0.09445
cork_roches_point,December,mm,1.8913,15.53881,44107,299138.08960,299155.47835,0.06769,0.00000,13.79064,2.22458,30.98538,0.25518,0.08560
cork_roches_point,December,ls,2.0312,15.95029,44107,298992.78783,299010.17658,0.03720,0.00000,14.13201,2.61059,30.32940,0.26517,0.08280
cork_airport,January,mle,1.8734,13.22472,47527,305812.72963,305830.26773,0.04981,0.00000,11.74075,1.85852,26.54503,0.27110,0.03700
cork_airport,January,mm,1.7570,12.55088,47527,306343.27974,306360.81784,0.06654,0.00000,11.17547,1.54883,26.38246,0.25661,0.03487
cork_airport,January,ls,1.9404,13.28626,47527,305915.49032,305933.02843,0.05884,0.00000,11.78253,1.99804,26.03476,0.27993,0.03305
cork_airport,February,mle,1.9369,13.36324,42644,273180.72102,273198.04230,0.05310,0.00000,11.85136,2.00278,26.21729,0.27908,0.03458
cork_airport,February,mm,1.7794,12.44313,42644,274062.57943,274079.90072,0.08177,0.00000,11.07191,1.57645,25.91286,0.25979,0.03140
cork_airport,February,ls,2.0144,13.36230,42644,273308.12637,273325.44766,0.06027,0.00000,11.84056,2.15426,25.54483,0.28949,0.02924
cork_airport,March,mle,1.9892,12.89569,46799,294898.30966,294915.81689,0.04960,0.00000,11.42968,2.03152,24.85602,0.28814,0.02396
cork_airport,March,mm,1.8753,12.28038,46799,295383.87441,295401.38165,0.06725,0.00000,10.90200,1.72918,24.63248,0.27311,0.02253
cork_airport,March,ls,2.0580,13.06148,46799,294996.19618,295013.70342,0.06485,0.00000,11.57056,2.18887,24.62891,0.29689,0.02228
cork_airport,April,mle,2.0320,11.72682,45228,274892.11549,274909.55443,0.05281,0.00000,10.38994,1.92077,22.29257,0.29284,0.00950
cork_airport,April,mm,1.8491,10.80119,45228,276167.64823,276185.08717,0.10030,0.00000,9.59393,1.47931,21.87975,0.26058,0.00891
cork_airport,April,ls,2.1437,11.85056,45228,275117.37403,275134.81297,0.07136,0.00000,10.49502,2.13279,21.78670,0.30847,0.00705
cork_airport,May,mle,2.0693,11.29015,46696,279159.66832,279177.17115,0.04628,0.00000,10.00083,1.91058,21.21523,0.29410,0.00562
cork_airport,May,mm,1.8771,10.34766,46696,280649.67523,280667.17806,0.10903,0.00000,9.18589,1.45981,20.74176,0.25716,0.00531
cork_airport,May,ls,2.2110,11.55791,46696,279537.59148,279555.09431,0.07396,0.00000,10.23616,2.19167,20.85819,0.31510,0.00406
cork_airport,June,mle,2.1720,10.39677,45128,259465.14665,259482.58117,0.05022,0.00000,9.20742,1.91347,18.96276,0.29000,0.00120
cork_airport,June,mm,2.0832,10.02085,45128,259757.85623,259775.29075,0.07589,0.00000,8.87594,1.71588,18.75151,0.27092,0.00121
cork_airport,June,ls,2.3050,10.77726,45128,259875.00784,259892.44236,0.08706,0.00000,9.54797,2.18704,18.98662,0.31371,0.00095
cork_airport,July,mle,2.1654,9.91495,46652,263902.85477,263920.35571,0.05166,0.00000,8.78071,1.81536,18.11728,0.27486,0.00061
cork_airport,July,mm,2.0333,9.37547,46652,264581.06959,264598.57054,0.09373,0.00000,8.30657,1.53735,17.81562,0.24552,0.00064
cork_airport,July,ls,2.3094,10.27484,46652,264363.38217,264380.88311,0.08879,0.00000,9.10307,2.09142,18.08200,0.29981,0.00041
cork_airport,August,mle,2.0528,10.07193,46659,268762.35823,268779.85947,0.05395,0.00000,8.92253,1.68016,19.02270,0.26947,0.00156
cork_airport,August,mm,1.8273,9.06660,46659,270854.15353,270871.65477,0.13118,0.00000,8.05722,1.21263,18.52141,0.22104,0.00169
cork_airport,August,ls,2.2191,10.32946,46659,269280.09925,269297.60049,0.08523,0.00000,9.14834,1.97072,18.60087,0.29289,0.00082
cork_airport,September,mle,1.9887,10.66259,45169,267175.02899,267192.46532,0.05509,0.00000,9.45049,1.67900,20.55495,0.27544,0.00432
cork_airport,September,mm,1.7032,9.25729,45169,270536.49445,270553.93078,0.15223,0.00000,8.25871,1.06928,19.92156,0.21688,0.00438
cork_airport,September,ls,2.1525,10.82111,45169,267684.91061,267702.34695,0.07996,0.00000,9.58325,1.96131,19.84429,0.29738,0.00232
cork_airport,October,mle,1.9646,11.79872,46778,286741.68553,286759.19187,0.05758,0.00000,10.46017,1.81620,22.92924,0.28413,0.01263
cork_airport,October,mm,1.6713,10.21091,46778,290351.75769,290369.26403,0.14263,0.00000,9.12172,1.13175,22.29808,0.23140,0.01149
cork_airport,October,ls,2.0932,11.76309,46778,287142.37564,287159.88198,0.07019,0.00000,10.41873,2.03127,21.94582,0.30123,0.00786
cork_airport,November,mle,1.9392,12.19644,45300,281651.73973,281669.18185,0.05737,0.00000,10.81624,1.83192,23.90953,0.28185,0.01792
cork_airport,November,mm,1.6952,10.83070,45300,284051.68665,284069.12878,0.12444,0.00000,9.66550,1.23837,23.39178,0.24143,0.01610
cork_airport,November,ls,2.0678,12.12741,45300,282067.00338,282084.44550,0.06715,0.00000,10.74257,2.04962,22.79898,0.29934,0.01152
cork_airport,December,mle,1.9563,13.15081,46786,297335.79356,297353.30023,0.05450,0.00000,11.66004,2.00824,25.62937,0.28270,0.02978
cork_airport,December,mm,1.6920,11.55349,46786,300266.06015,300283.56683,0.13277,0.00000,10.31189,1.31558,24.98934,0.24582,0.02493
cork_airport,December,ls,2.1048,13.03068,46786,297927.57222,297945.07889,0.06143,0.00000,11.54102,2.27202,24.22738,0.30333,0.01943
westmeath_mullingar,January,mle,1.7403,9.72379,37888,224738.26406,224755.34884,0.04539,0.00000,8.66301,1.17605,20.58637,0.23068,0.00567
westmeath_mullingar,January,mm,1.7677,9.89117,37888,224774.10889,224791.19367,0.05631,0.00000,8.80429,1.23604,20.69910,0.23679,0.00580
westmeath_mullingar,January,ls,1.6191,9.72573,37888,225079.81417,225096.89895,0.05205,0.00000,8.71056,1.00426,21.77944,0.21824,0.00993
westmeath_mullingar,February,mle,1.8601,9.82242,33859,198609.44722,198626.30714,0.04439,0.00000,8.72254,1.36115,19.81432,0.24460,0.00340
westmeath_mullingar,February,mm,1.9630,10.32188,33859,198950.33413,198967.19405,0.08062,0.00000,9.15105,1.58643,20.07013,0.26617,0.00342
westmeath_mullingar,February,ls,1.7480,9.85545,33859,198845.28781,198862.14773,0.05255,0.00000,8.77802,1.20312,20.79628,0.23406,0.00616
westmeath_mullingar,March,mle,1.8682,9.72502,37267,217639.12235,217656.17408,0.04531,0.00000,8.63464,1.35926,19.55817,0.24301,0.00292
westmeath_mullingar,March,mm,1.9886,10.30417,37267,218154.76078,218171.81251,0.08434,0.00000,9.13282,1.62238,19.86478,0.26856,0.00295
westmeath_mullingar,March,ls,1.7724,9.81095,37267,217850.67972,217867.73145,0.05015,0.00000,8.73163,1.23279,20.49110,0.23567,0.00526
westmeath_mullingar,April,mle,1.8937,8.48462,35765,198496.08877,198513.05822,0.05129,0.00000,7.52976,1.21767,16.90412,0.20260,0.00044
westmeath_mullingar,April,mm,2.0737,9.22355,35765,199579.13577,199596.10522,0.11700,0.00000,8.17007,1.56674,17.30877,0.24203,0.00037
westmeath_mullingar,April,ls,1.7711,8.58072,35765,198818.94721,198835.91666,0.05524,0.00000,7.63703,1.07661,17.93106,0.20150,0.00130
westmeath_mullingar,May,mle,1.8959,8.04457,36969,200948.82992,200965.86559,0.05220,0.00000,7.13896,1.15710,16.01467,0.18232,0.00019
westmeath_mullingar,May,mm,1.9163,8.14248,36969,200968.52805,200985.56372,0.06101,0.00000,7.22344,1.19566,16.09099,0.18728,0.00019
westmeath_mullingar,May,ls,1.8040,8.04273,36969,201108.53308,201125.56875,0.06119,0.00000,7.15154,1.04803,16.58254,0.18130,0.00044
westmeath_mullingar,June,mle,1.9776,7.40277,35770,186346.38441,186363.35414,0.06449,0.00000,6.56199,1.15362,14.32363,0.14567,0.00002
westmeath_mullingar,June,mm,2.0250,7.58858,35770,186435.64635,186452.61608,0.08410,0.00000,6.72381,1.23513,14.45819,0.15524,0.00001
westmeath_mullingar,June,ls,1.8876,7.38226,35770,186476.75241,186493.72214,0.06648,0.00000,6.55215,1.05288,14.74042,0.14766,0.00005
westmeath_mullingar,July,mle,2.0003,7.17928,37059,190063.44270,190080.48324,0.06684,0.00000,6.36246,1.14268,13.78741,0.13095,0.00001
westmeath_mullingar,July,mm,1.9812,7.14332,37059,190070.35359,190087.39413,0.06319,0.00000,6.33176,1.11699,13.80489,0.12972,0.00001
westmeath_mullingar,July,ls,1.9154,7.07827,37059,190179.52743,190196.56796,0.07567,0.00000,6.27943,1.03847,13.99230,0.12915,0.00001
westmeath_mullingar,August,mle,1.9246,7.13677,36671,189753.14622,189770.16570,0.06138,0.00000,6.33045,1.05666,14.06230,0.13214,0.00001
westmeath_mullingar,August,mm,1.9223,7.14522,36671,189753.51028,189770.52976,0.06093,0.00000,6.33816,1.05552,14.09020,0.13274,0.00002
westmeath_mullingar,August,ls,1.8244,7.08264,36671,189922.71873,189939.73821,0.07665,0.00000,6.29457,0.94424,14.48509,0.13354,0.00005
westmeath_mullingar,September,mle,1.8075,7.64947,35612,192200.41261,192217.37349,0.05604,0.00000,6.80122,1.00081,15.74917,0.16317,0.00020
westmeath_mullingar,September,mm,1.8191,7.73421,35612,192213.40093,192230.36181,0.06327,0.00000,6.87454,1.02504,15.85080,0.16719,0.00021
westmeath_mullingar,September,ls,1.6659,7.40489,35612,192593.86808,192610.82896,0.08528,0.00000,6.61661,0.81496,16.21105,0.15302,0.00050
westmeath_mullingar,October,mle,1.8182,8.33582,36916,205451.94600,205468.97880,0.05049,0.00000,7.40944,1.10368,17.08979,0.19403,0.00063
westmeath_mullingar,October,mm,1.8432,8.45497,36916,205478.39750,205495.43030,0.05827,0.00000,7.51093,1.15059,17.16605,0.19970,0.00063
westmeath_mullingar,October,ls,1.6991,8.28328,36916,205728.68136,205745.71416,0.06995,0.00000,7.39097,0.95184,17.85828,0.18790,0.00145
westmeath_mullingar,November,mle,1.7574,8.60711,36198,205312.17095,205329.16447,0.05180,0.00000,7.66378,1.06266,18.08943,0.20174,0.00148
westmeath_mullingar,November,mm,1.7744,8.72395,36198,205331.76997,205348.76349,0.06110,0.00000,7.76374,1.09881,18.20544,0.20660,0.00154
westmeath_mullingar,November,ls,1.6301,8.43096,36198,205637.23660,205654.23011,0.07445,0.00000,7.54656,0.88402,18.77746,0.18946,0.00279
westmeath_mullingar,December,mle,1.7532,9.20797,37664,218874.99954,218892.07246,0.04464,0.00000,8.19991,1.13116,19.38669,0.21974,0.00315
westmeath_mullingar,December,mm,1.7514,9.22599,37664,218875.63201,218892.70493,0.04561,0.00000,8.21646,1.13087,19.43994,0.22007,0.00324
westmeath_mullingar,December,ls,1.6371,9.08519,37664,219156.97941,219174.05233,0.06556,0.00000,8.12925,0.96184,20.16546,0.20729,0.00528
galway_athenry,January,mle,1.7016,8.49075,11153,63251.17803,63265.81696,0.06974,0.00000,7.57534,0.97872,18.28535,0.19504,0.00187
galway_athenry,January,mm,1.4845,7.54367,11153,63764.29062,63778.92955,0.12483,0.00000,6.81874,0.63404,18.17386,0.15640,0.00268
galway_athenry,January,ls,1.5547,8.02215,11153,63431.54884,63446.18776,0.08942,0.00000,7.21279,0.75394,18.57509,0.17353,0.00287
galway_athenry,February,mle,1.9623,9.70746,9575,55056.36731,55070.70113,0.06164,0.00000,8.60640,1.49099,18.87998,0.25097,0.00166
galway_athenry,February,mm,1.8123,9.08420,9575,55232.21979,55246.55361,0.08408,0.00000,8.07586,1.19484,18.66786,0.22057,0.00191
galway_athenry,February,ls,1.8776,9.46913,9575,55094.91418,55109.24800,0.05967,0.00000,8.40593,1.33649,18.97763,0.23697,0.00205
galway_athenry,March,mle,1.8962,8.76062,11155,62418.14263,62432.78192,0.07113,0.00000,7.77436,1.26046,17.43835,0.21409,0.00067
galway_athenry,March,mm,1.8601,8.68709,11155,62425.54835,62440.18763,0.06228,0.00000,7.71435,1.20378,17.52429,0.20957,0.00079
galway_athenry,March,ls,1.7268,8.56864,11155,62573.10669,62587.74598,0.07309,0.00000,7.63750,1.01941,18.24718,0.19889,0.00174
galway_athenry,April,mle,1.9530,8.35541,10800,58961.36950,58975.94410,0.07180,0.00000,7.40855,1.27191,16.30201,0.19815,0.00020
galway_athenry,April,mm,1.8812,8.13535,10800,58999.26265,59013.83725,0.06645,0.00000,7.22141,1.15265,16.28231,0.18656,0.00026
galway_athenry,April,ls,1.8064,8.22076,10800,59066.80384,59081.37845,0.07348,0.00000,7.30937,1.07413,16.93332,0.18895,0.00058
galway_athenry,May,mle,2.0172,8.32142,11158,60368.09208,60382.73191,0.06096,0.00000,7.37358,1.34499,15.89380,0.19734,0.00010
galway_athenry,May,mm,1.9581,8.13405,11158,60395.95803,60410.59785,0.06701,0.00000,7.21181,1.24439,15.84211,0.18714,0.00012
galway_athenry,May,ls,1.8852,8.35028,11158,60462.13685,60476.77668,0.05732,0.00000,7.41165,1.18794,16.68828,0.19647,0.00037
galway_athenry,June,mle,2.0809,7.75401,10793,56275.08598,56289.65928,0.06674,0.00000,6.86816,1.32520,14.51951,0.16378,0.00001
galway_athenry,June,mm,1.8528,7.00108,10793,56747.61901,56762.19232,0.13175,0.00000,6.21808,0.96259,14.16241,0.12778,0.00003
galway_athenry,June,ls,2.0297,7.50490,10793,56320.42938,56335.00269,0.07487,0.00000,6.64944,1.22671,14.27721,0.14991,0.00001
galway_athenry,July,mle,2.1084,7.26074,11138,56476.44656,56491.08280,0.06837,0.00000,6.43063,1.26985,13.48495,0.13043,0.00000
galway_athenry,July,mm,2.0085,6.98082,11138,56559.01174,56573.64798,0.08845,0.00000,6.18613,1.11948,13.37052,0.11808,0.00000
galway_athenry,July,ls,2.0296,7.20973,11138,56502.93936,56517.57560,0.06439,0.00000,6.38792,1.17832,13.71627,0.13135,0.00000
galway_athenry,August,mle,2.0330,7.60986,11156,58319.74064,58334.38010,0.06742,0.00000,6.74227,1.24752,14.46179,0.15628,0.00001
galway_athenry,August,mm,2.1573,8.06288,11156,58488.70624,58503.34571,0.10809,0.00000,7.14053,1.46691,14.76632,0.18166,0.00001
galway_athenry,August,ls,1.8926,7.65390,11156,58425.61998,58440.25945,0.06001,0.00000,6.79266,1.09718,15.25531,0.16232,0.00008
galway_athenry,September,mle,1.9576,7.58099,10778,56670.44928,56685.01981,0.06888,0.00000,6.72151,1.15916,14.76777,0.15683,0.00003
galway_athenry,September,mm,1.7347,6.80882,10778,57146.76482,57161.33535,0.13614,0.00000,6.06721,0.81790,14.44997,0.12304,0.00007
galway_athenry,September,ls,1.8772,7.32253,10778,56726.90582,56741.47634,0.08132,0.00000,6.50039,1.03315,14.67730,0.14469,0.00004
galway_athenry,October,mle,1.9243,8.04067,11157,60278.18746,60292.82711,0.05987,0.00000,7.13225,1.19014,15.84494,0.18224,0.00014
galway_athenry,October,mm,1.7768,7.51040,11157,60485.80561,60500.44526,0.10028,0.00000,6.68329,0.94858,15.65757,0.15678,0.00021
galway_athenry,October,ls,1.8722,7.86089,11157,60302.84109,60317.48074,0.06658,0.00000,6.97898,1.10330,15.78581,0.17320,0.00016
galway_athenry,November,mle,1.8033,7.85075,10796,58705.70702,58720.28089,0.06431,0.00000,6.98096,1.02218,16.19138,0.17268,0.00031
galway_athenry,November,mm,1.5647,6.92274,10796,59288.89229,59303.46615,0.13988,0.00000,6.22018,0.66053,15.94357,0.13401,0.00058
galway_athenry,November,ls,1.7389,7.46280,10796,58788.25360,58802.82747,0.08061,0.00000,6.64901,0.90101,15.80946,0.15498,0.00028
galway_athenry,December,mle,1.7934,8.94065,11128,63517.93915,63532.57359,0.06153,0.00000,7.95223,1.15113,18.51258,0.21481,0.00180
galway_athenry,December,mm,1.6176,8.18754,11128,63829.98549,63844.61993,0.10279,0.00000,7.33351,0.84368,18.34841,0.18134,0.00228
galway_athenry,December,ls,1.7175,8.59920,11128,63579.55115,63594.18558,0.06894,0.00000,7.66737,1.01129,18.38758,0.19940,0.00193
donegal_finner,January,mle,1.7229,13.54516,13215,87197.11013,87212.08835,0.04927,0.00000,12.07494,1.60373,28.89416,0.24919,0.05644
donegal_finner,January,mm,1.6848,13.40077,13215,87209.03004,87224.00825,0.03903,0.00000,11.96428,1.51174,29.08122,0.24454,0.05731
donegal_finner,January,ls,1.6692,12.92091,13215,87276.86660,87291.84482,0.04785,0.00000,11.54370,1.42828,28.24292,0.24376,0.04932
donegal_finner,February,mle,1.8846,14.33749,12127,79956.14397,79970.95035,0.03666,0.00000,12.72600,2.03847,28.66003,0.26563,0.05776
donegal_finner,February,mm,1.8228,13.97449,12127,79991.54858,80006.35496,0.04838,0.00000,12.42008,1.85964,28.59855,0.26027,0.05575
donegal_finner,February,ls,1.8270,14.22026,12127,79975.32799,79990.13437,0.03731,0.00000,12.63722,1.90121,29.05324,0.25915,0.06061
donegal_finner,March,mle,1.8629,12.33956,13282,83721.51585,83736.50419,0.05294,0.00000,10.95720,1.71503,24.86590,0.27143,0.02409
donegal_finner,March,mm,1.7765,11.91795,13282,83794.56638,83809.55471,0.05148,0.00000,10.60552,1.50483,24.84893,0.25877,0.02402
donegal_finner,March,ls,1.8171,12.12136,13282,83741.55364,83756.54197,0.04182,0.00000,10.77458,1.60294,24.86153,0.26484,0.02408
donegal_finner,April,mle,1.9180,11.52489,12914,79098.38475,79113.31689,0.05273,0.00000,10.22380,1.69527,22.76124,0.27632,0.01208
donegal_finner,April,mm,1.7590,10.70986,12914,79375.32094,79390.25307,0.08799,0.00000,9.53561,1.32470,22.49406,0.24828,0.01177
donegal_finner,April,ls,1.8349,11.16574,12914,79160.92365,79175.85578,0.05884,0.00000,9.92089,1.50586,22.74230,0.26256,0.01242
donegal_finner,May,mle,1.9601,10.99430,13570,81365.97562,81381.00685,0.05203,0.00000,9.74753,1.68514,21.39849,0.27680,0.00671
donegal_finner,May,mm,1.7119,9.75201,13570,82106.42460,82121.45583,0.12534,0.00000,8.69711,1.13883,20.90468,0.22837,0.00667
donegal_finner,May,ls,1.9445,10.63301,13570,81419.82304,81434.85428,0.05198,0.00000,9.42906,1.60546,20.80599,0.26976,0.00513
donegal_finner,June,mle,1.9892,10.59226,13114,77394.27850,77409.24137,0.06085,0.00000,9.38811,1.66867,20.41617,0.27428,0.00401
donegal_finner,June,mm,1.7844,9.64631,13114,77857.87469,77872.83756,0.10685,0.00000,8.58206,1.22919,20.04734,0.23329,0.00421
donegal_finner,June,ls,1.8734,10.18154,13114,77504.85798,77519.82085,0.07196,0.00000,9.03906,1.43079,20.43699,0.25366,0.00460
donegal_finner,July,mle,2.0018,9.90865,13806,79515.55797,79530.62368,0.05455,0.00000,8.78117,1.57928,19.01964,0.26020,0.00170
donegal_finner,July,mm,1.7581,8.83071,13806,80232.47256,80247.53828,0.12660,0.00000,7.86273,1.09105,18.55461,0.20912,0.00197
donegal_finner,July,ls,1.9538,9.69239,13806,79544.24053,79559.30625,0.05373,0.00000,8.59392,1.47667,18.90491,0.24981,0.00172
donegal_finner,August,mle,2.0788,10.42101,13898,80882.06751,80897.14651,0.05644,0.00000,9.23055,1.77774,19.52620,0.28080,0.00210
donegal_finner,August,mm,2.1013,10.57267,13898,80893.83799,80908.91699,0.06734,0.00000,9.36411,1.83823,19.67711,0.28659,0.00224
donegal_finner,August,ls,2.0392,10.48701,13898,80896.43568,80911.51468,0.05554,0.00000,9.29102,1.72863,19.89082,0.27791,0.00280
donegal_finner,September,mle,1.8622,10.91673,13080,79220.98437,79235.94205,0.05171,0.00000,9.69391,1.51605,22.00501,0.26358,0.00929
donegal_finner,September,mm,1.6813,9.99687,13080,79600.98366,79615.94134,0.09580,0.00000,8.92660,1.12262,21.72948,0.22938,0.00938
donegal_finner,September,ls,1.8265,10.58169,13080,79260.67357,79275.63125,0.05075,0.00000,9.40383,1.41395,21.62366,0.25494,0.00816
donegal_finner,October,mle,1.8721,12.29044,14835,93233.35578,93248.56527,0.04912,0.00000,10.91158,1.72488,24.68160,0.27268,0.02286
donegal_finner,October,mm,1.6803,11.19750,14835,93716.39826,93731.60775,0.09674,0.00000,9.99909,1.25593,24.34963,0.24232,0.02115
donegal_finner,October,ls,1.8524,11.84941,14835,93296.46466,93311.67415,0.04983,0.00000,10.52426,1.62853,23.97350,0.26903,0.01856
donegal_finner,November,mle,1.7946,12.19323,13598,86116.56085,86131.59620,0.04487,0.00000,10.84487,1.57208,25.23505,0.26181,0.02658
donegal_finner,November,mm,1.7365,11.93053,13598,86148.72266,86163.75802,0.04235,0.00000,10.63042,1.43627,25.29990,0.25325,0.02696
donegal_finner,November,ls,1.7523,11.92418,13598,86140.91560,86155.95096,0.04014,0.00000,10.61909,1.46315,25.11578,0.25543,0.02575
donegal_finner,December,mle,1.7679,14.28113,13368,89255.71324,89270.71448,0.04242,0.00000,12.71177,1.78516,29.88274,0.25110,0.06781
donegal_finner,December,mm,1.7986,14.58656,13368,89274.63873,89289.63997,0.05495,0.00000,12.97210,1.88929,30.13919,0.25284,0.07168
donegal_finner,December,ls,1.6913,14.31299,13368,89304.03884,89319.04008,0.03464,0.00000,12.77521,1.62835,30.96774,0.24095,0.07666
kerry_valentia_observatory,January,mle,1.7566,13.56898,59305,391811.65617,391829.63707,0.05470,0.00000,12.08218,1.67353,28.52820,0.25366,0.05364
kerry_valentia_observatory,January,mm,2.1897,16.38494,59305,401591.46425,401609.44515,0.15965,0.00000,14.51073,3.05717,29.73959,0.27376,0.08027
kerry_valentia_observatory,January,ls,1.5706,14.25222,59305,393675.59617,393693.57707,0.05610,0.00000,12.80097,1.37191,32.72134,0.22534,0.08917
kerry_valentia_observatory,February,mle,1.8149,13.41657,53259,348136.95838,348154.72423,0.05147,0.00000,11.92654,1.76989,27.54194,0.26229,0.04530
kerry_valentia_observatory,February,mm,2.1175,15.29800,53259,352342.81333,352360.57918,0.12032,0.00000,13.54869,2.69546,28.33723,0.28279,0.05906
kerry_valentia_observatory,February,ls,1.7531,13.87243,53259,348505.46836,348523.23421,0.03955,0.00000,12.35378,1.70388,29.20915,0.25165,0.06032
kerry_valentia_observatory,March,mle,1.8226,12.51062,58334,373007.05465,373025.00253,0.05694,0.00000,11.11908,1.66461,25.60399,0.26580,0.02925
kerry_valentia_observatory,March,mm,2.2300,14.86376,58334,381315.80234,381333.75022,0.15543,0.00000,13.16451,2.85875,26.68959,0.30114,0.04124
kerry_valentia_observatory,March,ls,1.7452,13.07508,58334,373669.10636,373687.05424,0.04740,0.00000,11.64675,1.59084,27.62287,0.25398,0.04508
kerry_valentia_observatory,April,mle,1.8159,11.22939,56030,346167.88670,346185.75399,0.05921,0.00000,9.98204,1.48291,23.04350,0.26058,0.01388
kerry_valentia_observatory,April,mm,2.0314,12.33463,56030,348380.59623,348398.46351,0.09045,0.00000,10.92850,2.01924,23.45245,0.29468,0.01499
kerry_valentia_observatory,April,ls,1.7904,11.65557,56030,346471.41149,346489.27878,0.04796,0.00000,10.36787,1.49560,24.16323,0.25976,0.01983
kerry_valentia_observatory,May,mle,1.8810,10.94449,57753,351365.43690,351383.36476,0.06470,0.00000,9.71501,1.55020,21.90690,0.26626,0.00883
kerry_valentia_observatory,May,mm,2.2163,12.56379,57753,356748.98116,356766.90902,0.12850,0.00000,11.12712,2.39184,22.64167,0.31978,0.01010
kerry_valentia_observatory,May,ls,1.8617,11.45172,57753,351813.28508,351831.21294,0.05281,0.00000,10.16906,1.58965,23.08700,0.26830,0.01387
kerry_valentia_observatory,June,mle,1.9705,10.18699,55659,327293.04643,327310.90042,0.06900,0.00000,9.03069,1.57690,19.75778,0.26407,0.00284
kerry_valentia_observatory,June,mm,2.4299,12.16012,55659,336760.09985,336777.95384,0.17281,0.00000,10.78233,2.67849,20.80827,0.34788,0.00314
kerry_valentia_observatory,June,ls,1.9503,10.70274,55659,327844.35151,327862.20551,0.05704,0.00000,9.49018,1.62506,20.90086,0.27155,0.00535
kerry_valentia_observatory,July,mle,2.0062,9.65849,57308,329182.14161,329200.05400,0.07157,0.00000,8.55914,1.54563,18.51290,0.25321,0.00118
kerry_valentia_observatory,July,mm,2.3676,11.11258,57308,335195.17154,335213.08393,0.15119,0.00000,9.84877,2.35224,19.28634,0.32812,0.00109
kerry_valentia_observatory,July,ls,2.0090,10.02438,57308,329489.76417,329507.67656,0.05569,0.00000,8.88317,1.60816,19.19734,0.26398,0.00189
kerry_valentia_observatory,August,mle,1.8941,9.82326,57070,334086.15914,334104.06321,0.06913,0.00000,8.71768,1.41034,19.56838,0.24787,0.00283
kerry_valentia_observatory,August,mm,2.1142,10.76587,57070,336356.07310,336373.97717,0.09664,0.00000,9.53488,1.89179,19.96130,0.29189,0.00264
kerry_valentia_observatory,August,ls,1.8921,10.24206,57070,334436.80962,334454.71368,0.05553,0.00000,9.08966,1.46754,20.41708,0.25687,0.00447
kerry_valentia_observatory,September,mle,1.7827,10.61365,56097,341419.88292,341437.75260,0.05901,0.00000,9.44315,1.34974,22.07348,0.25005,0.01000
kerry_valentia_observatory,September,mm,1.9356,11.38078,56097,342573.03659,342590.90626,0.07515,0.00000,10.09337,1.70347,22.33814,0.27759,0.01018
kerry_valentia_observatory,September,ls,1.7139,10.94923,56097,341814.70943,341832.57910,0.04976,0.00000,9.76407,1.28193,23.44974,0.24491,0.01630
kerry_valentia_observatory,October,mle,1.8020,11.71296,58288,365568.82894,365586.77524,0.05129,0.00000,10.41562,1.52292,24.16876,0.26160,0.01983
kerry_valentia_observatory,October,mm,2.0565,13.12279,58288,368895.17697,368913.12327,0.11022,0.00000,11.62497,2.19617,24.75643,0.29640,0.02319
kerry_valentia_observatory,October,ls,1.7213,12.13679,58288,366111.32608,366129.27238,0.04285,0.00000,10.82010,1.43404,25.90871,0.25150,0.03115
kerry_valentia_observatory,November,mle,1.7682,12.45771,56627,363652.12640,363670.01488,0.05017,0.00000,11.08863,1.55775,26.06422,0.25822,0.03249
kerry_valentia_observatory,November,mm,2.0840,14.36396,56627,368714.49762,368732.38610,0.12989,0.00000,12.72280,2.46132,26.87170,0.29020,0.04185
kerry_valentia_observatory,November,ls,1.6543,12.83924,56627,364343.31065,364361.19913,0.04269,0.00000,11.47864,1.39137,28.26283,0.24183,0.04923
kerry_valentia_observatory,December,mle,1.8358,13.60227,58667,384235.84213,384253.80139,0.05275,0.00000,12.08553,1.83628,27.69529,0.26420,0.04704
kerry_valentia_observatory,December,mm,2.1500,15.55559,58667,389177.69841,389195.65768,0.12124,0.00000,13.77616,2.81384,28.54673,0.28264,0.06245
kerry_valentia_observatory,December,ls,1.7762,14.12060,58667,384693.61329,384711.57256,0.04267,0.00000,12.56573,1.78224,29.44560,0.25322,0.06340
